Date_reported,Country_code,Country,WHO_region,New_cases,Cumulative_cases,New_deaths,Cumulative_deaths
2020-01-03,US,United States of America,AMRO,0,0,0,0
2020-01-04,US,United States of America,AMRO,0,0,0,0
2020-01-05,US,United States of America,AMRO,0,0,0,0
2020-01-06,US,United States of America,AMRO,0,0,0,0
2020-01-07,US,United States of America,AMRO,0,0,0,0
2020-01-08,US,United States of America,AMRO,0,0,0,0
2020-01-09,US,United States of America,AMRO,0,0,0,0
2020-01-10,US,United States of America,AMRO,0,0,0,0
2020-01-11,US,United States of America,AMRO,0,0,0,0
2020-01-12,US,United States of America,AMRO,0,0,0,0
2020-01-13,US,United States of America,AMRO,0,0,0,0
2020-01-14,US,United States of America,AMRO,0,0,0,0
2020-01-15,US,United States of America,AMRO,0,0,0,0
2020-01-16,US,United States of America,AMRO,0,0,0,0
2020-01-17,US,United States of America,AMRO,0,0,0,0
2020-01-18,US,United States of America,AMRO,0,0,0,0
2020-01-19,US,United States of America,AMRO,0,0,0,0
2020-01-20,US,United States of America,AMRO,5,5,0,0
2020-01-21,US,United States of America,AMRO,0,5,0,0
2020-01-22,US,United States of America,AMRO,0,5,0,0
2020-01-23,US,United States of America,AMRO,0,5,0,0
2020-01-24,US,United States of America,AMRO,1,6,0,0
2020-01-25,US,United States of America,AMRO,0,6,0,0
2020-01-26,US,United States of America,AMRO,3,9,0,0
2020-01-27,US,United States of America,AMRO,0,9,0,0
2020-01-28,US,United States of America,AMRO,0,9,0,0
2020-01-29,US,United States of America,AMRO,0,9,0,0
2020-01-30,US,United States of America,AMRO,1,10,0,0
2020-01-31,US,United States of America,AMRO,1,11,0,0
2020-02-01,US,United States of America,AMRO,1,12,0,0
2020-02-02,US,United States of America,AMRO,0,12,0,0
2020-02-03,US,United States of America,AMRO,2,14,0,0
2020-02-04,US,United States of America,AMRO,1,15,0,0
2020-02-05,US,United States of America,AMRO,0,15,0,0
2020-02-06,US,United States of America,AMRO,1,16,0,0
2020-02-07,US,United States of America,AMRO,0,16,0,0
2020-02-08,US,United States of America,AMRO,0,16,0,0
2020-02-09,US,United States of America,AMRO,0,16,0,0
2020-02-10,US,United States of America,AMRO,0,16,0,0
2020-02-11,US,United States of America,AMRO,1,17,0,0
2020-02-12,US,United States of America,AMRO,0,17,0,0
2020-02-13,US,United States of America,AMRO,1,18,0,0
2020-02-14,US,United States of America,AMRO,1,19,0,0
2020-02-15,US,United States of America,AMRO,0,19,0,0
2020-02-16,US,United States of America,AMRO,0,19,0,0
2020-02-17,US,United States of America,AMRO,0,19,0,0
2020-02-18,US,United States of America,AMRO,0,19,0,0
2020-02-19,US,United States of America,AMRO,0,19,0,0
2020-02-20,US,United States of America,AMRO,0,19,0,0
2020-02-21,US,United States of America,AMRO,19,38,0,0
2020-02-22,US,United States of America,AMRO,1,39,0,0
2020-02-23,US,United States of America,AMRO,0,39,0,0
2020-02-24,US,United States of America,AMRO,18,57,0,0
2020-02-25,US,United States of America,AMRO,0,57,0,0
2020-02-26,US,United States of America,AMRO,6,63,0,0
2020-02-27,US,United States of America,AMRO,0,63,0,0
2020-02-28,US,United States of America,AMRO,3,66,0,0
2020-02-29,US,United States of America,AMRO,0,66,0,0
2020-03-01,US,United States of America,AMRO,0,66,0,0
2020-03-02,US,United States of America,AMRO,2,68,0,0
2020-03-03,US,United States of America,AMRO,0,68,1,1
2020-03-04,US,United States of America,AMRO,65,133,4,5
2020-03-05,US,United States of America,AMRO,0,133,4,9
2020-03-06,US,United States of America,AMRO,84,217,1,10
2020-03-07,US,United States of America,AMRO,0,217,1,11
2020-03-08,US,United States of America,AMRO,0,217,0,11
2020-03-09,US,United States of America,AMRO,259,476,8,19
2020-03-10,US,United States of America,AMRO,224,700,6,25
2020-03-11,US,United States of America,AMRO,0,700,0,25
2020-03-12,US,United States of America,AMRO,291,991,4,29
2020-03-13,US,United States of America,AMRO,277,1268,7,36
2020-03-14,US,United States of America,AMRO,414,1682,5,41
2020-03-15,US,United States of America,AMRO,36,1718,0,41
2020-03-16,US,United States of America,AMRO,0,1718,0,41
2020-03-17,US,United States of America,AMRO,1822,3540,17,58
2020-03-18,US,United States of America,AMRO,820,4360,21,79
2020-03-19,US,United States of America,AMRO,6082,10442,71,150
2020-03-20,US,United States of America,AMRO,4777,15219,51,201
2020-03-21,US,United States of America,AMRO,0,15219,0,201
2020-03-22,US,United States of America,AMRO,0,15219,0,201
2020-03-23,US,United States of America,AMRO,16354,31573,201,402
2020-03-24,US,United States of America,AMRO,10591,42164,69,471
2020-03-25,US,United States of America,AMRO,9750,51914,202,673
2020-03-26,US,United States of America,AMRO,11656,63570,211,884
2020-03-27,US,United States of America,AMRO,4764,68334,107,991
2020-03-28,US,United States of America,AMRO,16894,85228,252,1243
2020-03-29,US,United States of America,AMRO,18093,103321,425,1668
2020-03-30,US,United States of America,AMRO,19332,122653,444,2112
2020-03-31,US,United States of America,AMRO,17987,140640,286,2398
2020-04-01,US,United States of America,AMRO,22559,163199,452,2850
2020-04-02,US,United States of America,AMRO,24103,187302,996,3846
2020-04-03,US,United States of America,AMRO,26298,213600,947,4793
2020-04-04,US,United States of America,AMRO,28103,241703,1061,5854
2020-04-05,US,United States of America,AMRO,32105,273808,1166,7020
2020-04-06,US,United States of America,AMRO,33510,307318,1338,8358
2020-04-07,US,United States of America,AMRO,26493,333811,1201,9559
2020-04-08,US,United States of America,AMRO,29510,363321,1286,10845
2020-04-09,US,United States of America,AMRO,31709,395030,1895,12740
2020-04-10,US,United States of America,AMRO,30859,425889,1925,14665
2020-04-11,US,United States of America,AMRO,35386,461275,1931,16596
2020-04-12,US,United States of America,AMRO,31606,492881,1920,18516
2020-04-13,US,United States of America,AMRO,31633,524514,1928,20444
2020-04-14,US,United States of America,AMRO,29308,553822,1528,21972
2020-04-15,US,United States of America,AMRO,24446,578268,1504,23476
2020-04-16,US,United States of America,AMRO,25802,604070,2395,25871
2020-04-17,US,United States of America,AMRO,28711,632781,6409,32280
2020-04-18,US,United States of America,AMRO,32549,665330,2018,34298
2020-04-19,US,United States of America,AMRO,30023,695353,2438,36736
2020-04-20,US,United States of America,AMRO,28252,723605,1776,38512
2020-04-21,US,United States of America,AMRO,27668,751273,1801,40313
2020-04-22,US,United States of America,AMRO,25634,776907,2154,42467
2020-04-23,US,United States of America,AMRO,24019,800926,2575,45042
2020-04-24,US,United States of America,AMRO,29127,830053,2390,47432
2020-04-25,US,United States of America,AMRO,30719,860772,1742,49174
2020-04-26,US,United States of America,AMRO,38509,899281,2151,51325
2020-04-27,US,United States of America,AMRO,32417,931698,1964,53289
2020-04-28,US,United States of America,AMRO,29218,960916,1109,54398
2020-04-29,US,United States of America,AMRO,22541,983457,1322,55720
2020-04-30,US,United States of America,AMRO,20517,1003974,2010,57730
2020-05-01,US,United States of America,AMRO,31379,1035353,2902,60632
2020-05-02,US,United States of America,AMRO,31774,1067127,2005,62637
2020-05-03,US,United States of America,AMRO,26753,1093880,5000,67637
2020-05-04,US,United States of America,AMRO,31839,1125719,156,67793
2020-05-05,US,United States of America,AMRO,29266,1154985,-514,67279
2020-05-06,US,United States of America,AMRO,16200,1171185,802,68081
2020-05-07,US,United States of America,AMRO,22267,1193452,2475,70556
2020-05-08,US,United States of America,AMRO,22119,1215571,1968,72524
2020-05-09,US,United States of America,AMRO,30204,1245775,2840,75364
2020-05-10,US,United States of America,AMRO,25870,1271645,1552,76916
2020-05-11,US,United States of America,AMRO,26642,1298287,1736,78652
2020-05-12,US,United States of America,AMRO,23767,1322054,982,79634
2020-05-13,US,United States of America,AMRO,18044,1340098,1061,80695
2020-05-14,US,United States of America,AMRO,21424,1361522,1424,82119
2020-05-15,US,United States of America,AMRO,20840,1382362,1700,83819
2020-05-16,US,United States of America,AMRO,27090,1409452,2041,85860
2020-05-17,US,United States of America,AMRO,22813,1432265,1320,87180
2020-05-18,US,United States of America,AMRO,31967,1464232,1394,88574
2020-05-19,US,United States of America,AMRO,13227,1477459,697,89271
2020-05-20,US,United States of America,AMRO,24417,1501876,932,90203
2020-05-21,US,United States of America,AMRO,23310,1525186,1324,91527
2020-05-22,US,United States of America,AMRO,22787,1547973,1396,92923
2020-05-23,US,United States of America,AMRO,20475,1568448,1088,94011
2020-05-24,US,United States of America,AMRO,24151,1592599,1852,95863
2020-05-25,US,United States of America,AMRO,26158,1618757,1046,96909
2020-05-26,US,United States of America,AMRO,15253,1634010,620,97529
2020-05-27,US,United States of America,AMRO,24886,1658896,590,98119
2020-05-28,US,United States of America,AMRO,16362,1675258,770,98889
2020-05-29,US,United States of America,AMRO,19606,1694864,1415,100304
2020-05-30,US,United States of America,AMRO,21214,1716078,1263,101567
2020-05-31,US,United States of America,AMRO,17962,1734040,1073,102640
2020-06-01,US,United States of America,AMRO,23482,1757522,914,103554
2020-06-02,US,United States of America,AMRO,26116,1783638,693,104247
2020-06-03,US,United States of America,AMRO,14692,1798330,761,105008
2020-06-04,US,United States of America,AMRO,24890,1823220,1043,106051
2020-06-05,US,United States of America,AMRO,14583,1837803,825,106876
2020-06-06,US,United States of America,AMRO,20069,1857872,1035,107911
2020-06-07,US,United States of America,AMRO,28922,1886794,1127,109038
2020-06-08,US,United States of America,AMRO,28918,1915712,708,109746
2020-06-09,US,United States of America,AMRO,17848,1933560,474,110220
2020-06-10,US,United States of America,AMRO,17536,1951096,550,110770
2020-06-11,US,United States of America,AMRO,17235,1968331,1208,111978
2020-06-12,US,United States of America,AMRO,20315,1988646,832,112810
2020-06-13,US,United States of America,AMRO,21745,2010391,947,113757
2020-06-14,US,United States of America,AMRO,22133,2032524,709,114466
2020-06-15,US,United States of America,AMRO,25314,2057838,646,115112
2020-06-16,US,United States of America,AMRO,21754,2079592,372,115484
2020-06-17,US,United States of America,AMRO,18514,2098106,496,115980
2020-06-18,US,United States of America,AMRO,27921,2126027,722,116702
2020-06-19,US,United States of America,AMRO,23139,2149166,770,117472
2020-06-20,US,United States of America,AMRO,23046,2172212,733,118205
2020-06-21,US,United States of America,AMRO,36617,2208829,690,118895
2020-06-22,US,United States of America,AMRO,32349,2241178,558,119453
2020-06-23,US,United States of America,AMRO,27575,2268753,308,119761
2020-06-24,US,United States of America,AMRO,26519,2295272,410,120171
2020-06-25,US,United States of America,AMRO,34191,2329463,784,120955
2020-06-26,US,United States of America,AMRO,37601,2367064,690,121645
2020-06-27,US,United States of America,AMRO,40526,2407590,2516,124161
2020-06-28,US,United States of America,AMRO,44458,2452048,650,124811
2020-06-29,US,United States of America,AMRO,44580,2496628,507,125318
2020-06-30,US,United States of America,AMRO,41008,2537636,885,126203
2020-07-01,US,United States of America,AMRO,35757,2573393,370,126573
2020-07-02,US,United States of America,AMRO,43556,2616949,560,127133
2020-07-03,US,United States of America,AMRO,54271,2671220,725,127858
2020-07-04,US,United States of America,AMRO,53213,2724433,623,128481
2020-07-05,US,United States of America,AMRO,51933,2776366,745,129226
2020-07-06,US,United States of America,AMRO,57186,2833552,182,129408
2020-07-07,US,United States of America,AMRO,43686,2877238,235,129643
2020-07-08,US,United States of America,AMRO,46194,2923432,320,129963
2020-07-09,US,United States of America,AMRO,50263,2973695,930,130893
2020-07-10,US,United States of America,AMRO,64630,3038325,991,131884
2020-07-11,US,United States of America,AMRO,58975,3097300,799,132683
2020-07-12,US,United States of America,AMRO,66281,3163581,803,133486
2020-07-13,US,United States of America,AMRO,62369,3225950,906,134392
2020-07-14,US,United States of America,AMRO,60113,3286063,312,134704
2020-07-15,US,United States of America,AMRO,58720,3344783,349,135053
2020-07-16,US,United States of America,AMRO,60711,3405494,754,135807
2020-07-17,US,United States of America,AMRO,67165,3472659,946,136753
2020-07-18,US,United States of America,AMRO,71484,3544143,921,137674
2020-07-19,US,United States of America,AMRO,74354,3618497,917,138591
2020-07-20,US,United States of America,AMRO,66963,3685460,877,139468
2020-07-21,US,United States of America,AMRO,62788,3748248,496,139964
2020-07-22,US,United States of America,AMRO,57276,3805524,473,140437
2020-07-23,US,United States of America,AMRO,62929,3868453,1042,141479
2020-07-24,US,United States of America,AMRO,69641,3938094,1074,142553
2020-07-25,US,United States of America,AMRO,71714,4009808,1110,143663
2020-07-26,US,United States of America,AMRO,74235,4084043,1135,144798
2020-07-27,US,United States of America,AMRO,63968,4148011,929,145727
2020-07-28,US,United States of America,AMRO,61498,4209509,604,146331
2020-07-29,US,United States of America,AMRO,54022,4263531,1118,147449
2020-07-30,US,United States of America,AMRO,59629,4323160,1191,148640
2020-07-31,US,United States of America,AMRO,65406,4388566,1414,150054
2020-08-01,US,United States of America,AMRO,67823,4456389,1211,151265
2020-08-02,US,United States of America,AMRO,67499,4523888,1365,152630
2020-08-03,US,United States of America,AMRO,58388,4582276,1127,153757
2020-08-04,US,United States of America,AMRO,47183,4629459,469,154226
2020-08-05,US,United States of America,AMRO,49151,4678610,726,154952
2020-08-06,US,United States of America,AMRO,49629,4728239,1098,156050
2020-08-07,US,United States of America,AMRO,53373,4781612,1307,157357
2020-08-08,US,United States of America,AMRO,55318,4836930,1249,158606
2020-08-09,US,United States of America,AMRO,61028,4897958,1324,159930
2020-08-10,US,United States of America,AMRO,53893,4951851,1059,160989
2020-08-11,US,United States of America,AMRO,47964,4999815,558,161547
2020-08-12,US,United States of America,AMRO,39894,5039709,557,162104
2020-08-13,US,United States of America,AMRO,54791,5094500,1236,163340
2020-08-14,US,United States of America,AMRO,55907,5150407,1486,164826
2020-08-15,US,United States of America,AMRO,52799,5203206,1169,165995
2020-08-16,US,United States of America,AMRO,55359,5258565,1206,167201
2020-08-17,US,United States of America,AMRO,54375,5312940,1144,168345
2020-08-18,US,United States of America,AMRO,41073,5354013,654,168999
2020-08-19,US,United States of America,AMRO,39125,5393138,509,169508
2020-08-20,US,United States of America,AMRO,37908,5431046,1132,170640
2020-08-21,US,United States of America,AMRO,46259,5477305,1393,172033
2020-08-22,US,United States of America,AMRO,43952,5521257,1065,173098
2020-08-23,US,United States of America,AMRO,45960,5567217,1148,174246
2020-08-24,US,United States of America,AMRO,44946,5612163,997,175243
2020-08-25,US,United States of America,AMRO,37765,5649928,570,175813
2020-08-26,US,United States of America,AMRO,32883,5682811,388,176201
2020-08-27,US,United States of America,AMRO,37030,5719841,1131,177332
2020-08-28,US,United States of America,AMRO,45484,5765325,1229,178561
2020-08-29,US,United States of America,AMRO,46194,5811519,1155,179716
2020-08-30,US,United States of America,AMRO,44002,5855521,973,180689
2020-08-31,US,United States of America,AMRO,43983,5899504,1000,181689
2020-09-01,US,United States of America,AMRO,37068,5936572,473,182162
2020-09-02,US,United States of America,AMRO,31808,5968380,423,182585
2020-09-03,US,United States of America,AMRO,42662,6011042,1025,183610
2020-09-04,US,United States of America,AMRO,39402,6050444,1004,184614
2020-09-05,US,United States of America,AMRO,44563,6095007,1073,185687
2020-09-06,US,United States of America,AMRO,49131,6144138,976,186663
2020-09-07,US,United States of America,AMRO,45350,6189488,878,187541
2020-09-08,US,United States of America,AMRO,33486,6222974,462,188003
2020-09-09,US,United States of America,AMRO,26015,6248989,169,188172
2020-09-10,US,United States of America,AMRO,23204,6272193,436,188608
2020-09-11,US,United States of America,AMRO,31988,6304181,1101,189709
2020-09-12,US,United States of America,AMRO,37128,6341309,1078,190787
2020-09-13,US,United States of America,AMRO,45523,6386832,1022,191809
2020-09-14,US,United States of America,AMRO,40126,6426958,803,192612
2020-09-15,US,United States of America,AMRO,35177,6462135,507,193119
2020-09-16,US,United States of America,AMRO,34111,6496246,375,193494
2020-09-17,US,United States of America,AMRO,34078,6530324,940,194434
2020-09-18,US,United States of America,AMRO,40795,6571119,1204,195638
2020-09-19,US,United States of America,AMRO,42618,6613737,827,196465
2020-09-20,US,United States of America,AMRO,48266,6662003,977,197442
2020-09-21,US,United States of America,AMRO,41695,6703698,652,198094
2020-09-22,US,United States of America,AMRO,36766,6740464,269,198363
2020-09-23,US,United States of America,AMRO,39145,6779609,430,198793
2020-09-24,US,United States of America,AMRO,49176,6828785,807,199600
2020-09-25,US,United States of America,AMRO,40043,6868828,1125,200725
2020-09-26,US,United States of America,AMRO,41254,6910082,909,201634
2020-09-27,US,United States of America,AMRO,50070,6960152,844,202478
2020-09-28,US,United States of America,AMRO,48958,7009110,851,203329
2020-09-29,US,United States of America,AMRO,35217,7044327,291,203620
2020-09-30,US,United States of America,AMRO,32688,7077015,255,203875
2020-10-01,US,United States of America,AMRO,38476,7115491,767,204642
2020-10-02,US,United States of America,AMRO,44985,7160476,1024,205666
2020-10-03,US,United States of America,AMRO,46293,7206769,892,206558
2020-10-04,US,United States of America,AMRO,49465,7256234,808,207366
2020-10-05,US,United States of America,AMRO,49036,7305270,698,208064
2020-10-06,US,United States of America,AMRO,36136,7341406,369,208433
2020-10-07,US,United States of America,AMRO,38920,7380326,354,208787
2020-10-08,US,United States of America,AMRO,38904,7419230,663,209450
2020-10-09,US,United States of America,AMRO,52458,7471688,888,210338
2020-10-10,US,United States of America,AMRO,54232,7525920,973,211311
2020-10-11,US,United States of America,AMRO,57828,7583748,918,212229
2020-10-12,US,United States of America,AMRO,53055,7636803,575,212804
2020-10-13,US,United States of America,AMRO,45325,7682128,487,213291
2020-10-14,US,United States of America,AMRO,46308,7728436,335,213626
2020-10-15,US,United States of America,AMRO,46309,7774745,743,214369
2020-10-16,US,United States of America,AMRO,59106,7833851,830,215199
2020-10-17,US,United States of America,AMRO,63044,7896895,874,216073
2020-10-18,US,United States of America,AMRO,69834,7966729,998,217071
2020-10-19,US,United States of America,AMRO,52508,8019237,588,217659
2020-10-20,US,United States of America,AMRO,46378,8065615,472,218131
2020-10-21,US,United States of America,AMRO,59018,8124633,510,218641
2020-10-22,US,United States of America,AMRO,60155,8184788,856,219497
2020-10-23,US,United States of America,AMRO,63361,8248149,1066,220563
2020-10-24,US,United States of America,AMRO,72342,8320491,1001,221564
2020-10-25,US,United States of America,AMRO,82630,8403121,943,222507
2020-10-26,US,United States of America,AMRO,82626,8485747,821,223328
2020-10-27,US,United States of America,AMRO,62364,8548111,371,223699
2020-10-28,US,United States of America,AMRO,63145,8611256,479,224178
2020-10-29,US,United States of America,AMRO,72042,8683298,895,225073
2020-10-30,US,United States of America,AMRO,80384,8763682,1059,226132
2020-10-31,US,United States of America,AMRO,89048,8852730,1046,227178
2020-11-01,US,United States of America,AMRO,99356,8952086,1007,228185
2020-11-02,US,United States of America,AMRO,80379,9032465,813,228998
2020-11-03,US,United States of America,AMRO,75888,9108353,444,229442
2020-11-04,US,United States of America,AMRO,85412,9193765,506,229948
2020-11-05,US,United States of America,AMRO,88163,9281928,1086,231034
2020-11-06,US,United States of America,AMRO,106050,9387978,1132,232166
2020-11-07,US,United States of America,AMRO,116780,9504758,1126,233292
2020-11-08,US,United States of America,AMRO,131821,9636579,1208,234500
2020-11-09,US,United States of America,AMRO,127151,9763730,1062,235562
2020-11-10,US,United States of America,AMRO,104659,9868389,480,236042
2020-11-11,US,United States of America,AMRO,122231,9990620,685,236727
2020-11-12,US,United States of America,AMRO,133935,10124555,1846,238573
2020-11-13,US,United States of America,AMRO,142076,10266631,1471,240044
2020-11-14,US,United States of America,AMRO,193734,10460365,1142,241186
2020-11-15,US,United States of America,AMRO,181066,10641431,1356,242542
2020-11-16,US,United States of America,AMRO,155001,10796432,1216,243758
2020-11-17,US,United States of America,AMRO,137486,10933918,653,244411
2020-11-18,US,United States of America,AMRO,151266,11085184,753,245164
2020-11-19,US,United States of America,AMRO,164044,11249228,1582,246746
2020-11-20,US,United States of America,AMRO,164560,11413788,1825,248571
2020-11-21,US,United States of America,AMRO,184191,11597979,2036,250607
2020-11-22,US,United States of America,AMRO,191033,11789012,1853,252460
2020-11-23,US,United States of America,AMRO,183544,11972556,1471,253931
2020-11-24,US,United States of America,AMRO,147098,12119654,867,254798
2020-11-25,US,United States of America,AMRO,157180,12276834,1052,255850
2020-11-26,US,United States of America,AMRO,165091,12441925,1975,257825
2020-11-27,US,United States of America,AMRO,180850,12622775,2248,260073
2020-11-28,US,United States of America,AMRO,141222,12763997,1387,261460
2020-11-29,US,United States of America,AMRO,175669,12939666,1276,262736
2020-11-30,US,United States of America,AMRO,143211,13082877,1210,263946
2020-12-01,US,United States of America,AMRO,151674,13234551,862,264808
2020-12-02,US,United States of America,AMRO,151204,13385755,1235,266043
2020-12-03,US,United States of America,AMRO,177976,13563731,2439,268482
2020-12-04,US,United States of America,AMRO,195769,13759500,2751,271233
2020-12-05,US,United States of America,AMRO,218671,13978171,2844,274077
2020-12-06,US,United States of America,AMRO,213127,14191298,2426,276503
2020-12-07,US,United States of America,AMRO,205837,14397135,2303,278806
2020-12-08,US,United States of America,AMRO,173388,14570523,1107,279913
2020-12-09,US,United States of America,AMRO,185473,14755996,1529,281442
2020-12-10,US,United States of America,AMRO,216360,14972356,2552,283994
2020-12-11,US,United States of America,AMRO,230852,15203208,3390,287384
2020-12-12,US,United States of America,AMRO,201681,15404889,2749,290133
2020-12-13,US,United States of America,AMRO,243209,15648098,2996,293129
2020-12-14,US,United States of America,AMRO,212577,15860675,2277,295406
2020-12-15,US,United States of America,AMRO,180420,16041095,1434,296840
2020-12-16,US,United States of America,AMRO,204281,16245376,1754,298594
2020-12-17,US,United States of America,AMRO,201468,16446844,2942,301536
2020-12-18,US,United States of America,AMRO,235805,16682649,3424,304960
2020-12-19,US,United States of America,AMRO,229915,16912564,3443,308403
2020-12-20,US,United States of America,AMRO,402270,17314834,2747,311150
2020-12-21,US,United States of America,AMRO,200257,17515091,2598,313748
2020-12-22,US,United States of America,AMRO,197199,17712290,1570,315318
2020-12-23,US,United States of America,AMRO,182819,17895109,1714,317032
2020-12-24,US,United States of America,AMRO,195151,18090260,3148,320180
2020-12-25,US,United States of America,AMRO,221145,18311405,3347,323527
2020-12-26,US,United States of America,AMRO,192095,18503500,2795,326322
2020-12-27,US,United States of America,AMRO,145489,18648989,1692,328014
2020-12-28,US,United States of America,AMRO,178311,18827300,1296,329310
2020-12-29,US,United States of America,AMRO,145513,18972813,1334,330644
2020-12-30,US,United States of America,AMRO,174814,19147627,1779,332423
2020-12-31,US,United States of America,AMRO,199163,19346790,3366,335789
2021-01-01,US,United States of America,AMRO,231427,19578217,3761,339550
2021-01-02,US,United States of America,AMRO,228437,19806654,3280,342830
2021-01-03,US,United States of America,AMRO,167759,19974413,2423,345253
2021-01-04,US,United States of America,AMRO,284312,20258725,2302,347555
2021-01-05,US,United States of America,AMRO,211444,20470169,1407,348962
2021-01-06,US,United States of America,AMRO,173375,20643544,1791,350753
2021-01-07,US,United States of America,AMRO,227369,20870913,3533,354286
2021-01-08,US,United States of America,AMRO,299562,21170475,3825,358111
2021-01-09,US,United States of America,AMRO,277195,21447670,4176,362287
2021-01-10,US,United States of America,AMRO,313516,21761186,3599,365886
2021-01-11,US,United States of America,AMRO,248089,22009275,3418,369304
2021-01-12,US,United States of America,AMRO,220528,22229803,2071,371375
2021-01-13,US,United States of America,AMRO,198788,22428591,1954,373329
2021-01-14,US,United States of America,AMRO,217166,22645757,4117,377446
2021-01-15,US,United States of America,AMRO,225573,22871330,4076,381522
2021-01-16,US,United States of America,AMRO,226608,23097938,3891,385413
2021-01-17,US,United States of America,AMRO,246485,23344423,3671,389084
2021-01-18,US,United States of America,AMRO,212253,23556676,3557,392641
2021-01-19,US,United States of America,AMRO,185383,23742059,1947,394588
2021-01-20,US,United States of America,AMRO,142240,23884299,1567,396155
2021-01-21,US,United States of America,AMRO,152937,24037236,2280,398435
2021-01-22,US,United States of America,AMRO,187919,24225155,4368,402803
2021-01-23,US,United States of America,AMRO,188176,24413331,3979,406782
2021-01-24,US,United States of America,AMRO,190994,24604325,3885,410667
2021-01-25,US,United States of America,AMRO,170883,24775208,3416,414083
2021-01-26,US,United States of America,AMRO,141691,24916899,1921,416004
2021-01-27,US,United States of America,AMRO,133409,25050308,1885,417889
2021-01-28,US,United States of America,AMRO,148533,25198841,3681,421570
2021-01-29,US,United States of America,AMRO,155203,25354044,4100,425670
2021-01-30,US,United States of America,AMRO,158153,25512197,3982,429652
2021-01-31,US,United States of America,AMRO,164415,25676612,3521,433173
2021-02-01,US,United States of America,AMRO,141327,25817939,2878,436051
2021-02-02,US,United States of America,AMRO,112129,25930068,1913,437964
2021-02-03,US,United States of America,AMRO,125444,26055512,1866,439830
2021-02-04,US,United States of America,AMRO,116762,26172274,3426,443256
2021-02-05,US,United States of America,AMRO,120876,26293150,3748,447004
2021-02-06,US,United States of America,AMRO,124866,26418016,5182,452186
2021-02-07,US,United States of America,AMRO,129961,26547977,3549,455735
2021-02-08,US,United States of America,AMRO,106988,26654965,2809,458544
2021-02-09,US,United States of America,AMRO,91412,26746377,1449,459993
2021-02-10,US,United States of America,AMRO,86449,26832826,1617,461610
2021-02-11,US,United States of America,AMRO,90930,26923756,2802,464412
2021-02-12,US,United States of America,AMRO,97134,27020890,3639,468051
2021-02-13,US,United States of America,AMRO,101693,27122583,3584,471635
2021-02-14,US,United States of America,AMRO,99024,27221607,5512,477147
2021-02-15,US,United States of America,AMRO,87896,27309503,3317,480464
2021-02-16,US,United States of America,AMRO,28313,27337816,1312,481776
2021-02-17,US,United States of America,AMRO,95902,27433718,1213,482989
2021-02-18,US,United States of America,AMRO,57856,27491574,1390,484379
2021-02-19,US,United States of America,AMRO,69069,27560643,2591,486970
2021-02-20,US,United States of America,AMRO,68191,27628834,2381,489351
2021-02-21,US,United States of America,AMRO,73240,27702074,2543,491894
2021-02-22,US,United States of America,AMRO,70973,27773047,2082,493976
2021-02-23,US,United States of America,AMRO,55323,27828370,1299,495275
2021-02-24,US,United States of America,AMRO,55190,27883560,1575,496850
2021-02-25,US,United States of America,AMRO,71778,27955338,2167,499017
2021-02-26,US,United States of America,AMRO,73477,28028815,2397,501414
2021-02-27,US,United States of America,AMRO,73351,28102166,3240,504654
2021-02-28,US,United States of America,AMRO,72812,28174978,2106,506760
2021-03-01,US,United States of America,AMRO,69613,28244591,1824,508584
2021-03-02,US,United States of America,AMRO,50218,28294809,1061,509645
2021-03-03,US,United States of America,AMRO,50776,28345585,1279,510924
2021-03-04,US,United States of America,AMRO,57831,28403416,2147,513071
2021-03-05,US,United States of America,AMRO,65320,28468736,1942,515013
2021-03-06,US,United States of America,AMRO,66262,28534998,1835,516848
2021-03-07,US,United States of America,AMRO,67213,28602211,2227,519075
2021-03-08,US,United States of America,AMRO,57269,28659480,1676,520751
2021-03-09,US,United States of America,AMRO,41486,28700966,874,521625
2021-03-10,US,United States of America,AMRO,126229,28827195,859,522484
2021-03-11,US,United States of America,AMRO,52732,28879927,1502,523986
2021-03-12,US,United States of America,AMRO,60322,28940249,1512,525498
2021-03-13,US,United States of America,AMRO,60312,29000561,1570,527068
2021-03-14,US,United States of America,AMRO,62840,29063401,1388,528456
2021-03-15,US,United States of America,AMRO,52261,29115662,1073,529529
2021-03-16,US,United States of America,AMRO,40230,29155892,585,530114
2021-03-17,US,United States of America,AMRO,52998,29208890,748,530862
2021-03-18,US,United States of America,AMRO,51882,29260772,993,531855
2021-03-19,US,United States of America,AMRO,56790,29317562,1116,532971
2021-03-20,US,United States of America,AMRO,58826,29376388,1513,534484
2021-03-21,US,United States of America,AMRO,61382,29437770,1524,536008
2021-03-22,US,United States of America,AMRO,60228,29497998,773,536781
2021-03-23,US,United States of America,AMRO,39165,29537163,479,537260
2021-03-24,US,United States of America,AMRO,57686,29594849,992,538252
2021-03-25,US,United States of America,AMRO,58755,29653604,775,539027
2021-03-26,US,United States of America,AMRO,65326,29718930,1293,540320
2021-03-27,US,United States of America,AMRO,69589,29788519,1403,541723
2021-03-28,US,United States of America,AMRO,71187,29859706,1280,543003
2021-03-29,US,United States of America,AMRO,61893,29921599,867,543870
2021-03-30,US,United States of America,AMRO,46865,29968464,560,544430
2021-03-31,US,United States of America,AMRO,64599,30033063,621,545051
2021-04-01,US,United States of America,AMRO,62713,30095776,838,545889
2021-04-02,US,United States of America,AMRO,68409,30164185,1055,546944
2021-04-03,US,United States of America,AMRO,74507,30238692,940,547884
2021-04-04,US,United States of America,AMRO,65770,30304462,2655,550539
2021-04-05,US,United States of America,AMRO,67554,30372016,852,551391
2021-04-06,US,United States of America,AMRO,41108,30413124,378,551769
2021-04-07,US,United States of America,AMRO,62750,30475874,356,552125
2021-04-08,US,United States of America,AMRO,65126,30541000,803,552928
2021-04-09,US,United States of America,AMRO,74849,30615849,873,553801
2021-04-10,US,United States of America,AMRO,76377,30692226,982,554783
2021-04-11,US,United States of America,AMRO,80631,30772857,929,555712
2021-04-12,US,United States of America,AMRO,67554,30840411,813,556525
2021-04-13,US,United States of America,AMRO,48354,30888765,328,556853
2021-04-14,US,United States of America,AMRO,62801,30951566,587,557440
2021-04-15,US,United States of America,AMRO,78134,31029700,798,558238
2021-04-16,US,United States of America,AMRO,73306,31103006,772,559010
2021-04-17,US,United States of America,AMRO,73932,31176938,937,559947
2021-04-18,US,United States of America,AMRO,73697,31250635,911,560858
2021-04-19,US,United States of America,AMRO,61306,31311941,758,561616
2021-04-20,US,United States of America,AMRO,38084,31350025,305,561921